Airline,Flight number,Departure airport,Arrival airport,Scheduled local departure,Actual local departure,Scheduled local arrival,Actual local arrival
WN,8,SLC,SFO,2017-01-01T09:35:00,2017-01-01T09:30:00,2017-01-01T10:54:00,2017-01-01T10:52:00
VX,8,SFO,LAX,2017-01-01T10:00:00,2017-01-01T09:57:00,2017-01-01T11:30:00,2017-01-01T11:22:00
WN,27,PDX,SEA,2017-01-01T07:00:00,2017-01-01T07:02:00,2017-01-01T08:03:00,2017-01-01T07:59:00
WN,29,PDX,SEA,2017-01-01T21:49:00,2017-01-01T21:45:00,2017-01-01T23:00:00,2017-01-01T22:36:00
AS,3,SFO,SEA,2017-01-01T17:20:00,2017-01-01T17:15:00,2017-01-01T19:30:00,2017-01-01T19:21:00
LH,6,SFO,FRA,2017-01-01T16:25:00,2017-01-01T16:39:00,2017-01-02T12:15:00,2017-01-02T11:56:00
DL,91,SFO,LAX,2017-01-01T11:00:00,2017-01-01T10:53:00,2017-01-01T12:50:00,2017-01-01T12:30:00
UA,75,LAX,SFO,2017-01-01T14:00:00,2017-01-01T14:32:00,2017-01-01T15:25:00,2017-01-01T15:48:00
AS,8,LAX,SEA,2017-01-01T06:30:00,2017-01-01T06:24:00,2017-01-01T09:28:00,2017-01-01T09:02:00
WN,87,SFO,LAX,2017-01-01T13:50:00,2017-01-01T13:42:00,2017-01-01T15:25:00,2017-01-01T15:19:00
AA,7,SEA,SFO,2017-01-01T08:35:00,2017-01-01T08:23:00,2017-01-01T10:54:00,2017-01-01T10:51:00
UA,48,SFO,PDX,2017-01-01T08:25:00,2017-01-01T08:20:00,2017-01-01T10:15:00,2017-01-01T09:53:00
AA,24,SFO,BOS,2017-01-01T09:30:00,2017-01-01T09:41:00,2017-01-01T17:58:00,2017-01-01T17:51:00
AA,27,SEA,SFO,2017-01-01T07:00:00,2017-01-01T06:56:00,2017-01-01T09:14:00,2017-01-01T09:09:00
AS,78,SEA,PDX,2017-01-01T21:55:00,2017-01-01T21:53:00,2017-01-01T22:42:00,2017-01-01T22:47:00
AA,200,SLC,LAX,2017-01-01T07:50:00,2017-01-01T07:45:00,2017-01-01T09:15:00,2017-01-01T08:58:00
AA,35,SFO,LAX,2017-01-01T22:34:00,2017-01-02T01:20:00,2017-01-02T00:13:00,2017-01-02T02:33:00
AA,73,SFO,SEA,2017-01-01T08:20:00,2017-01-01T08:14:00,2017-01-01T10:34:00,2017-01-01T10:09:00
AS,12,SEA,SFO,2017-01-01T09:10:00,2017-01-01T09:06:00,2017-01-01T11:21:00,2017-01-01T11:35:00
AA,25,SFO,SEA,2017-01-01T10:30:00,2017-01-01T10:27:00,2017-01-01T12:43:00,2017-01-01T12:30:00
AS,140,SEA,PDX,2017-01-01T11:59:00,2017-01-01T12:14:00,2017-01-01T12:51:00,2017-01-01T13:03:00
VX,83,SFO,LAX,2017-01-01T19:00:00,2017-01-01T19:00:00,2017-01-01T20:28:00,2017-01-01T20:32:00
AS,20,LAX,SEA,2017-01-01T15:25:00,2017-01-01T15:16:00,2017-01-01T18:17:00,2017-01-01T17:51:00
WN,79,SLC,SEA,2017-01-01T21:48:00,2017-01-01T21:40:00,2017-01-01T23:10:00,2017-01-01T22:55:00
AS,35,PDX,SLC,2017-01-01T17:40:00,2017-01-01T17:35:00,2017-01-01T20:19:00,2017-01-01T20:09:00
WN,283,SFO,SEA,2017-01-01T13:51:00,2017-01-01T13:48:00,2017-01-01T16:12:00,2017-01-01T15:43:00
B6,7,BOS,SFO,2017-01-01T08:00:00,2017-01-01T07:53:00,2017-01-01T11:48:00,2017-01-01T11:43:00
UA,61,SFO,LAX,2017-01-01T14:45:00,2017-01-01T14:42:00,2017-01-01T16:10:00,2017-01-01T16:19:00
VX,60,SFO,LAX,2017-01-01T08:00:00,2017-01-01T08:04:00,2017-01-01T09:25:00,2017-01-01T09:33:00
WN,139,BOS,LAX,2017-01-01T18:52:00,2017-01-01T18:54:00,2017-01-01T22:15:00,2017-01-01T22:30:00
AA,63,SFO,LAX,2017-01-01T13:42:00,2017-01-01T13:33:00,2017-01-01T15:22:00,2017-01-01T14:46:00
AA,119,BOS,SFO,2017-01-01T10:20:00,2017-01-01T10:19:00,2017-01-01T14:07:00,2017-01-01T14:13:00
AS,22,SEA,SFO,2017-01-01T18:30:00,2017-01-01T18:23:00,2017-01-01T20:40:00,2017-01-01T21:10:00
AA,120,SFO,LAX,2017-01-01T12:07:00,2017-01-01T12:03:00,2017-01-01T13:47:00,2017-01-01T13:22:00
UA,468,SFO,PDX,2017-01-01T21:40:00,2017-01-01T22:12:00,2017-01-01T23:30:00,2017-01-01T23:46:00
AA,43,SEA,SFO,2017-01-01T17:00:00,2017-01-01T16:55:00,2017-01-01T19:12:00,2017-01-01T19:10:00
VX,115,SFO,SEA,2017-01-01T11:35:00,2017-01-01T11:25:00,2017-01-01T13:53:00,2017-01-01T13:40:00
VX,105,BOS,SFO,2017-01-01T20:05:00,2017-01-01T19:51:00,2017-01-01T23:51:00,2017-01-01T23:48:00
UA,28,LAX,SFO,2017-01-01T15:40:00,2017-01-01T15:48:00,2017-01-01T17:00:00,2017-01-01T17:05:00
B6,68,BOS,SFO,2017-01-01T19:55:00,2017-01-01T19:47:00,2017-01-01T23:46:00,2017-01-01T23:40:00
UA,136,LAX,SLC,2017-01-01T10:00:00,2017-01-01T10:25:00,2017-01-01T12:50:00,2017-01-01T13:01:00
AS,46,LAX,SEA,2017-01-01T16:48:00,2017-01-01T16:44:00,2017-01-01T19:38:00,2017-01-01T19:27:00
DL,514,LAX,SFO,2017-01-01T21:00:00,2017-01-01T20:58:00,2017-01-01T22:27:00,2017-01-01T22:10:00
WN,216,BOS,SFO,2017-01-01T08:25:00,2017-01-01T08:32:00,2017-01-01T12:15:00,2017-01-01T12:16:00
VX,134,SFO,SEA,2017-01-01T21:10:00,2017-01-01T21:22:00,2017-01-01T23:14:00,2017-01-01T23:30:00
UA,135,LAX,PDX,2017-01-01T21:45:00,2017-01-01T23:57:00,2017-01-02T00:15:00,2017-01-02T02:00:00
AS,64,SLC,PDX,2017-01-01T21:16:00,2017-01-01T20:58:00,2017-01-01T22:17:00,2017-01-01T21:59:00
WN,71,SEA,LAX,2017-01-01T14:05:00,2017-01-01T14:06:00,2017-01-01T16:50:00,2017-01-01T16:45:00
DL,30,BOS,LAX,2017-01-01T11:50:00,2017-01-01T11:52:00,2017-01-01T15:36:00,2017-01-01T15:19:00
AA,484,SFO,SLC,2017-01-01T20:55:00,2017-01-01T20:42:00,2017-01-01T23:49:00,2017-01-01T23:20:00
AS,264,PDX,SEA,2017-01-01T11:20:00,2017-01-01T11:14:00,2017-01-01T12:23:00,2017-01-01T12:09:00
AS,41,SEA,LAX,2017-01-01T10:00:00,2017-01-01T09:53:00,2017-01-01T12:51:00,2017-01-01T12:44:00
DL,614,LAX,SFO,2017-01-01T07:30:00,2017-01-01T07:27:00,2017-01-01T08:57:00,2017-01-01T08:45:00
DL,622,LAX,SFO,2017-01-02T00:00:00,2017-01-02T00:53:00,2017-01-02T01:24:00,2017-01-02T02:29:00
VX,158,SEA,SFO,2017-01-01T08:00:00,2017-01-01T07:49:00,2017-01-01T10:05:00,2017-01-01T10:06:00
DL,637,SFO,LAX,2017-01-01T09:30:00,2017-01-01T09:25:00,2017-01-01T11:26:00,2017-01-01T10:53:00
DL,661,SFO,LAX,2017-01-01T20:00:00,2017-01-01T19:58:00,2017-01-01T21:46:00,2017-01-01T21:44:00
AS,46,SEA,LAX,2017-01-01T17:25:00,2017-01-01T17:21:00,2017-01-01T20:08:00,2017-01-01T20:02:00
UA,41,PDX,SFO,2017-01-01T12:50:00,2017-01-01T12:48:00,2017-01-01T14:40:00,2017-01-01T14:42:00
WN,365,LAX,SEA,2017-01-01T07:30:00,2017-01-01T07:46:00,2017-01-01T10:00:00,2017-01-01T10:20:00
WN,295,SLC,LAX,2017-01-01T12:01:00,2017-01-01T12:02:00,2017-01-01T13:09:00,2017-01-01T12:57:00
WN,337,SLC,PDX,2017-01-01T16:25:00,2017-01-01T16:18:00,2017-01-01T17:30:00,2017-01-01T17:20:00
DL,88,LAX,SEA,2017-01-01T20:45:00,2017-01-01T20:50:00,2017-01-01T23:44:00,2017-01-01T23:30:00
AA,86,SFO,LAX,2017-01-01T15:00:00,2017-01-01T14:53:00,2017-01-01T16:41:00,2017-01-01T16:12:00
UA,208,SFO,LAX,2017-01-01T09:05:00,2017-01-01T08:58:00,2017-01-01T10:40:00,2017-01-01T10:22:00
WN,265,PDX,SLC,2017-01-01T11:26:00,2017-01-01T11:18:00,2017-01-01T14:15:00,2017-01-01T13:52:00
WN,229,PDX,SLC,2017-01-01T07:00:00,2017-01-01T06:59:00,2017-01-01T09:51:00,2017-01-01T09:30:00
AS,37,LAX,SEA,2017-01-02T00:35:00,2017-01-02T00:32:00,2017-01-02T03:22:00,2017-01-02T03:08:00
WN,124,SEA,SLC,2017-01-01T08:25:00,2017-01-01T08:22:00,2017-01-01T11:28:00,2017-01-01T11:10:00
AA,55,LAX,SFO,2017-01-01T07:00:00,2017-01-01T06:56:00,2017-01-01T08:30:00,2017-01-01T08:23:00
AS,333,PDX,SEA,2017-01-01T10:30:00,2017-01-01T11:59:00,2017-01-01T11:27:00,2017-01-01T12:46:00
WN,672,SFO,LAX,2017-01-01T11:50:00,2017-01-01T11:44:00,2017-01-01T13:30:00,2017-01-01T13:03:00
AA,62,LAX,SFO,2017-01-01T14:40:00,2017-01-01T14:25:00,2017-01-01T16:12:00,2017-01-01T16:01:00
AS,388,PDX,SEA,2017-01-01T16:40:00,2017-01-01T16:33:00,2017-01-01T17:30:00,2017-01-01T17:38:00
VX,268,PDX,SFO,2017-01-01T16:00:00,2017-01-01T15:51:00,2017-01-01T17:47:00,2017-01-01T18:01:00
VX,286,LAX,SFO,2017-01-01T08:25:00,2017-01-01T08:20:00,2017-01-01T09:42:00,2017-01-01T09:51:00
DL,898,LAX,SFO,2017-01-01T15:00:00,2017-01-01T14:54:00,2017-01-01T16:30:00,2017-01-01T16:20:00
AA,168,SFO,SEA,2017-01-01T21:05:00,2017-01-01T22:01:00,2017-01-01T23:16:00,2017-01-01T23:51:00
AS,522,SEA,PDX,2017-01-01T19:57:00,2017-01-01T19:52:00,2017-01-01T20:49:00,2017-01-01T20:45:00
WN,405,LAX,SEA,2017-01-01T20:10:00,2017-01-01T20:13:00,2017-01-01T23:09:00,2017-01-01T22:39:00
B6,153,BOS,LAX,2017-01-01T11:40:00,2017-01-01T11:29:00,2017-01-01T15:13:00,2017-01-01T15:03:00
UA,180,SFO,LAX,2017-01-01T16:15:00,2017-01-01T16:20:00,2017-01-01T17:40:00,2017-01-01T17:47:00
AS,45,SEA,LAX,2017-01-01T06:00:00,2017-01-01T05:54:00,2017-01-01T08:42:00,2017-01-01T08:41:00
AA,389,SFO,BOS,2017-01-01T07:00:00,2017-01-01T06:53:00,2017-01-01T15:41:00,2017-01-01T15:32:00
AS,567,PDX,SEA,2017-01-01T15:02:00,2017-01-01T14:48:00,2017-01-01T16:02:00,2017-01-01T15:56:00
DY,1193,LGW,BOS,2017-01-01T17:20:00,2017-01-01T17:19:00,2017-01-01T19:50:00,2017-01-01T19:50:00
AS,364,SEA,PDX,2017-01-01T20:58:00,2017-01-01T20:52:00,2017-01-01T21:46:00,2017-01-01T21:39:00
WN,433,LAX,SEA,2017-01-01T21:30:00,2017-01-01T21:26:00,2017-01-02T00:25:00,2017-01-01T23:54:00
AS,370,SEA,PDX,2017-01-01T20:14:00,2017-01-01T20:16:00,2017-01-01T21:02:00,2017-01-01T21:06:00
AS,64,SFO,SEA,2017-01-01T22:07:00,2017-01-01T22:29:00,2017-01-02T00:16:00,2017-01-02T00:33:00
AA,1031,LAX,SLC,2017-01-01T09:15:00,2017-01-01T09:09:00,2017-01-01T12:19:00,2017-01-01T12:00:00
AA,989,LAX,SEA,2017-01-01T10:41:00,2017-01-01T10:32:00,2017-01-01T13:47:00,2017-01-01T13:20:00
UA,271,SFO,LAX,2017-01-01T19:35:00,2017-01-01T22:11:00,2017-01-01T21:00:00,2017-01-01T23:27:00
AS,58,SFO,SEA,2017-01-01T12:40:00,2017-01-01T12:38:00,2017-01-01T14:48:00,2017-01-01T14:59:00
WN,511,SLC,PDX,2017-01-01T21:25:00,2017-01-01T21:29:00,2017-01-01T22:33:00,2017-01-01T22:31:00
UA,210,PDX,LAX,2017-01-01T08:00:00,2017-01-01T07:57:00,2017-01-01T10:25:00,2017-01-01T10:18:00
AA,65,PDX,SFO,2017-01-01T13:00:00,2017-01-01T12:53:00,2017-01-01T14:51:00,2017-01-01T14:44:00
WN,845,LAX,SFO,2017-01-01T14:00:00,2017-01-01T13:55:00,2017-01-01T15:35:00,2017-01-01T15:22:00
WN,665,LAX,SFO,2017-01-01T13:00:00,2017-01-01T12:50:00,2017-01-01T14:35:00,2017-01-01T14:09:00
AS,477,PDX,SEA,2017-01-01T06:00:00,2017-01-01T05:57:00,2017-01-01T06:49:00,2017-01-01T06:38:00
AS,108,LAX,PDX,2017-01-01T06:45:00,2017-01-01T06:32:00,2017-01-01T09:10:00,2017-01-01T08:54:00
AI,34,SFO,DEL,2017-01-01T11:30:00,2017-01-01T11:41:00,2017-01-02T17:15:00,2017-01-02T17:33:00
B6,193,LAX,BOS,2017-01-01T16:45:00,2017-01-01T16:40:00,2017-01-02T01:04:00,2017-01-02T00:43:00
AS,99,LAX,PDX,2017-01-01T12:05:00,2017-01-01T12:00:00,2017-01-01T14:37:00,2017-01-01T14:26:00
AS,68,SEA,SFO,2017-01-01T20:40:00,2017-01-01T23:12:00,2017-01-01T22:46:00,2017-01-02T01:43:00
AS,87,LAX,SEA,2017-01-01T18:00:00,2017-01-01T17:55:00,2017-01-01T20:52:00,2017-01-01T20:30:00
WN,481,SEA,SLC,2017-01-01T07:00:00,2017-01-01T06:58:00,2017-01-01T10:00:00,2017-01-01T09:41:00
WN,1148,SEA,PDX,2017-01-01T12:30:00,2017-01-01T13:03:00,2017-01-01T13:37:00,2017-01-01T13:57:00
AS,80,PDX,SFO,2017-01-01T12:35:00,2017-01-01T12:17:00,2017-01-01T14:30:00,2017-01-01T14:15:00
LH,158,DEL,FRA,2017-01-01T04:35:00,2017-01-01T04:48:00,2017-01-01T08:35:00,2017-01-01T08:37:00
WN,374,SEA,LAX,2017-01-01T20:10:00,2017-01-01T20:08:00,2017-01-01T23:05:00,2017-01-01T23:03:00
AS,732,PDX,SEA,2017-01-01T17:37:00,2017-01-01T18:13:00,2017-01-01T18:37:00,2017-01-01T19:31:00
DL,639,SLC,LAX,2017-01-01T20:11:00,2017-01-01T19:54:00,2017-01-01T21:25:00,2017-01-01T21:08:00
AS,159,SFO,SLC,2017-01-01T20:30:00,2017-01-01T21:01:00,2017-01-01T23:12:00,2017-01-01T23:50:00
AS,94,SEA,LAX,2017-01-01T14:00:00,2017-01-01T13:59:00,2017-01-01T16:41:00,2017-01-01T16:40:00
DL,1313,LAX,SFO,2017-01-01T09:00:00,2017-01-01T08:56:00,2017-01-01T10:29:00,2017-01-01T10:13:00
DL,1321,SFO,LAX,2017-01-01T15:35:00,2017-01-01T15:32:00,2017-01-01T17:11:00,2017-01-01T17:00:00
AS,161,LAX,SLC,2017-01-01T21:15:00,2017-01-01T21:18:00,2017-01-02T00:02:00,2017-01-01T23:58:00
B6,186,SFO,BOS,2017-01-01T21:30:00,2017-01-01T21:24:00,2017-01-02T05:55:00,2017-01-02T05:37:00
WN,506,SEA,SFO,2017-01-01T22:06:00,2017-01-01T23:06:00,2017-01-02T00:25:00,2017-01-02T01:37:00
VX,441,LAX,SFO,2017-01-01T11:15:00,2017-01-01T11:06:00,2017-01-01T12:34:00,2017-01-01T12:31:00
AS,107,SEA,LAX,2017-01-01T08:05:00,2017-01-01T07:57:00,2017-01-01T10:57:00,2017-01-01T10:58:00
WN,1127,LAX,SFO,2017-01-01T09:00:00,2017-01-01T08:55:00,2017-01-01T10:39:00,2017-01-01T10:13:00
AS,803,PDX,SEA,2017-01-01T09:00:00,2017-01-01T08:50:00,2017-01-01T10:15:00,2017-01-01T10:03:00
DL,47,LAX,BOS,2017-01-01T14:15:00,2017-01-01T14:16:00,2017-01-01T22:40:00,2017-01-01T22:21:00
B6,141,BOS,SEA,2017-01-01T09:58:00,2017-01-01T10:05:00,2017-01-01T13:18:00,2017-01-01T13:35:00
AS,82,PDX,SFO,2017-01-01T22:10:00,2017-01-01T23:24:00,2017-01-01T23:58:00,2017-01-02T01:35:00
AS,99,SLC,SEA,2017-01-01T18:30:00,2017-01-01T18:25:00,2017-01-01T19:48:00,2017-01-01T19:33:00
DL,1453,SFO,LAX,2017-01-01T18:35:00,2017-01-01T18:30:00,2017-01-01T20:13:00,2017-01-01T20:11:00
DL,1473,LAX,PDX,2017-01-01T22:32:00,2017-01-01T22:29:00,2017-01-02T00:59:00,2017-01-02T00:56:00
AS,180,BOS,SEA,2017-01-01T08:10:00,2017-01-01T08:04:00,2017-01-01T11:34:00,2017-01-01T11:34:00
DY,1738,LGW,LAX,2017-01-01T13:50:00,2017-01-01T14:12:00,2017-01-01T17:10:00,2017-01-01T17:31:00
WN,225,SLC,SFO,2017-01-01T12:10:00,2017-01-01T12:10:00,2017-01-01T13:32:00,2017-01-01T13:30:00
AS,691,SEA,PDX,2017-01-01T09:25:00,2017-01-01T09:14:00,2017-01-01T10:30:00,2017-01-01T10:16:00
WN,1233,SFO,LAX,2017-01-01T18:45:00,2017-01-01T18:38:00,2017-01-01T20:20:00,2017-01-01T20:18:00
AS,114,LAX,SEA,2017-01-01T07:30:00,2017-01-01T07:23:00,2017-01-01T10:30:00,2017-01-01T10:18:00
WN,623,SEA,LAX,2017-01-01T15:00:00,2017-01-01T14:57:00,2017-01-01T17:45:00,2017-01-01T17:42:00
WN,134,PDX,LAX,2017-01-01T10:41:00,2017-01-01T10:33:00,2017-01-01T13:05:00,2017-01-01T12:50:00
LH,126,SEA,FRA,2017-01-01T15:05:00,2017-01-01T15:14:00,2017-01-02T09:50:00,2017-01-02T09:45:00
AA,435,SFO,SEA,2017-01-01T18:15:00,2017-01-01T18:28:00,2017-01-01T20:27:00,2017-01-01T20:33:00
AS,100,SFO,PDX,2017-01-01T09:45:00,2017-01-01T09:57:00,2017-01-01T11:26:00,2017-01-01T11:30:00
AA,111,SFO,SEA,2017-01-01T14:53:00,2017-01-01T14:52:00,2017-01-01T17:06:00,2017-01-01T17:07:00
AS,705,PDX,SEA,2017-01-01T08:35:00,2017-01-01T08:40:00,2017-01-01T09:30:00,2017-01-01T09:28:00
AA,16,SFO,FRA,2017-01-01T14:45:00,2017-01-01T14:50:00,2017-01-02T10:55:00,2017-01-02T10:10:00
WN,588,SLC,PDX,2017-01-01T09:39:00,2017-01-01T09:35:00,2017-01-01T10:46:00,2017-01-01T10:41:00
DL,1618,SFO,LAX,2017-01-01T21:30:00,2017-01-02T00:35:00,2017-01-01T23:10:00,2017-01-02T01:58:00
AA,114,LAX,SFO,2017-01-01T15:41:00,2017-01-01T15:30:00,2017-01-01T17:13:00,2017-01-01T16:51:00
WN,109,SFO,LAX,2017-01-01T17:50:00,2017-01-01T17:45:00,2017-01-01T19:30:00,2017-01-01T19:01:00
AS,962,PDX,SEA,2017-01-01T18:14:00,2017-01-01T18:07:00,2017-01-01T19:14:00,2017-01-01T19:16:00
LH,2340,LAX,FRA,2017-01-01T18:50:00,2017-01-01T19:05:00,2017-01-02T15:05:00,2017-01-02T14:34:00
B6,140,LAX,BOS,2017-01-01T12:45:00,2017-01-01T12:39:00,2017-01-01T21:09:00,2017-01-01T20:52:00
UA,332,SFO,LAX,2017-01-01T07:25:00,2017-01-01T07:22:00,2017-01-01T08:50:00,2017-01-01T08:48:00
UA,553,PDX,SFO,2017-01-01T20:00:00,2017-01-01T23:06:00,2017-01-01T21:50:00,2017-01-02T01:07:00
AS,111,SEA,SFO,2017-01-01T21:55:00,2017-01-02T00:03:00,2017-01-02T00:02:00,2017-01-02T02:34:00
AA,60,BOS,SFO,2017-01-01T08:50:00,2017-01-01T08:42:00,2017-01-01T12:39:00,2017-01-01T12:28:00
B6,97,SFO,BOS,2017-01-01T12:58:00,2017-01-01T12:52:00,2017-01-01T21:29:00,2017-01-01T21:14:00
WN,806,SLC,BOS,2017-01-01T11:12:00,2017-01-01T11:10:00,2017-01-01T17:55:00,2017-01-01T17:46:00
AA,168,PDX,SFO,2017-01-01T13:55:00,2017-01-01T13:45:00,2017-01-01T15:43:00,2017-01-01T15:46:00
VX,409,BOS,LAX,2017-01-01T18:45:00,2017-01-01T18:43:00,2017-01-01T22:26:00,2017-01-01T23:05:00
VX,579,LAX,SFO,2017-01-01T07:30:00,2017-01-01T07:25:00,2017-01-01T08:53:00,2017-01-01T08:41:00
AS,169,PDX,LAX,2017-01-01T11:15:00,2017-01-01T11:20:00,2017-01-01T13:41:00,2017-01-01T13:42:00
WN,433,LAX,SEA,2017-01-01T14:15:00,2017-01-01T14:21:00,2017-01-01T17:15:00,2017-01-01T16:50:00
WN,703,SEA,SLC,2017-01-01T17:59:00,2017-01-01T18:00:00,2017-01-01T20:58:00,2017-01-01T20:42:00
AS,140,LAX,SEA,2017-01-01T09:05:00,2017-01-01T09:00:00,2017-01-01T12:05:00,2017-01-01T11:51:00
AS,855,PDX,SEA,2017-01-01T07:46:00,2017-01-01T07:39:00,2017-01-01T08:39:00,2017-01-01T08:38:00
AS,8,SEA,BOS,2017-01-01T22:35:00,2017-01-01T22:33:00,2017-01-02T06:39:00,2017-01-02T06:12:00
AS,70,SFO,PDX,2017-01-01T07:00:00,2017-01-01T06:50:00,2017-01-01T08:41:00,2017-01-01T08:19:00
AA,68,SEA,SFO,2017-01-01T11:25:00,2017-01-01T11:17:00,2017-01-01T13:49:00,2017-01-01T13:30:00
DL,554,SEA,LAX,2017-01-01T06:50:00,2017-01-01T06:45:00,2017-01-01T09:53:00,2017-01-01T09:42:00
B6,191,SEA,BOS,2017-01-01T14:08:00,2017-01-01T14:41:00,2017-01-01T22:19:00,2017-01-01T22:45:00
WN,1578,SFO,LAX,2017-01-01T16:50:00,2017-01-01T16:46:00,2017-01-01T18:30:00,2017-01-01T18:11:00
UA,363,LAX,SFO,2017-01-01T16:45:00,2017-01-01T16:45:00,2017-01-01T18:05:00,2017-01-01T18:00:00
AA,84,SFO,LAX,2017-01-01T07:25:00,2017-01-01T07:25:00,2017-01-01T08:57:00,2017-01-01T08:55:00
AS,241,SLC,SFO,2017-01-01T08:31:00,2017-01-01T08:22:00,2017-01-01T09:28:00,2017-01-01T09:21:00
AS,1121,SLC,SEA,2017-01-01T17:25:00,2017-01-01T17:16:00,2017-01-01T18:53:00,2017-01-01T18:32:00
WN,1409,SEA,SFO,2017-01-01T14:38:00,2017-01-01T14:35:00,2017-01-01T17:02:00,2017-01-01T17:11:00
AA,93,LAX,SFO,2017-01-01T20:04:00,2017-01-01T21:29:00,2017-01-01T21:33:00,2017-01-02T00:32:00
WN,802,BOS,LAX,2017-01-01T08:00:00,2017-01-01T07:55:00,2017-01-01T11:30:00,2017-01-01T11:42:00
VX,449,SFO,BOS,2017-01-01T22:10:00,2017-01-01T22:42:00,2017-01-02T06:43:00,2017-01-02T07:01:00
WN,820,LAX,PDX,2017-01-01T13:50:00,2017-01-01T13:48:00,2017-01-01T16:27:00,2017-01-01T16:00:00
DL,1057,LAX,SLC,2017-01-01T19:35:00,2017-01-01T19:34:00,2017-01-01T22:25:00,2017-01-01T22:32:00
WN,176,SLC,SEA,2017-01-01T16:15:00,2017-01-01T16:10:00,2017-01-01T17:29:00,2017-01-01T17:21:00
AA,2036,SLC,SFO,2017-01-01T12:38:00,2017-01-01T12:26:00,2017-01-01T13:59:00,2017-01-01T13:46:00
DL,2080,LAX,SFO,2017-01-01T12:00:00,2017-01-01T11:55:00,2017-01-01T13:30:00,2017-01-01T13:31:00
AS,105,SEA,SFO,2017-01-01T23:10:00,2017-01-02T00:13:00,2017-01-02T01:17:00,2017-01-02T02:41:00
WN,2054,PDX,SEA,2017-01-01T17:55:00,2017-01-01T17:49:00,2017-01-01T18:56:00,2017-01-01T18:41:00
DL,491,LAX,BOS,2017-01-01T16:35:00,2017-01-01T16:32:00,2017-01-02T00:55:00,2017-01-02T00:26:00
VX,653,SFO,PDX,2017-01-01T19:40:00,2017-01-01T19:37:00,2017-01-01T21:26:00,2017-01-01T21:36:00
WN,1797,LAX,SFO,2017-01-01T19:00:00,2017-01-01T19:01:00,2017-01-01T20:34:00,2017-01-01T20:41:00
AA,460,SEA,SFO,2017-01-01T20:10:00,2017-01-01T22:16:00,2017-01-01T22:23:00,2017-01-02T00:52:00
VX,728,LAX,SFO,2017-01-01T21:55:00,2017-01-02T00:35:00,2017-01-01T23:16:00,2017-01-02T02:05:00
WN,619,SLC,PDX,2017-01-01T23:25:00,2017-01-01T23:19:00,2017-01-02T00:32:00,2017-01-02T00:21:00
AS,208,PDX,LAX,2017-01-01T19:15:00,2017-01-01T19:21:00,2017-01-01T21:37:00,2017-01-01T21:49:00
WN,489,LAX,SEA,2017-01-01T07:00:00,2017-01-01T06:56:00,2017-01-01T09:59:00,2017-01-01T09:34:00
WN,538,SLC,SEA,2017-01-01T23:25:00,2017-01-01T23:18:00,2017-01-02T00:40:00,2017-01-02T00:21:00
UA,169,SLC,LAX,2017-01-01T13:30:00,2017-01-01T13:42:00,2017-01-01T14:30:00,2017-01-01T14:34:00
AA,2145,SLC,SFO,2017-01-01T14:45:00,2017-01-01T14:36:00,2017-01-01T15:59:00,2017-01-01T15:58:00
WN,288,SEA,SFO,2017-01-01T12:15:00,2017-01-01T12:13:00,2017-01-01T14:35:00,2017-01-01T14:22:00
WN,444,SLC,SFO,2017-01-01T17:53:00,2017-01-01T17:43:00,2017-01-01T19:08:00,2017-01-01T18:47:00
WN,366,PDX,LAX,2017-01-01T17:03:00,2017-01-01T16:59:00,2017-01-01T19:25:00,2017-01-01T19:21:00
WN,837,SLC,LAX,2017-01-01T16:10:00,2017-01-01T16:07:00,2017-01-01T17:10:00,2017-01-01T17:00:00
WN,409,BOS,SLC,2017-01-01T18:50:00,2017-01-01T18:49:00,2017-01-01T22:25:00,2017-01-01T22:23:00
AA,2068,SFO,SLC,2017-01-01T11:45:00,2017-01-01T11:40:00,2017-01-01T14:44:00,2017-01-01T14:46:00
WN,1802,SEA,PDX,2017-01-01T20:10:00,2017-01-01T20:02:00,2017-01-01T21:14:00,2017-01-01T20:58:00
WN,1929,LAX,SFO,2017-01-01T18:00:00,2017-01-01T17:53:00,2017-01-01T19:30:00,2017-01-01T19:15:00
WN,2228,PDX,SEA,2017-01-01T10:35:00,2017-01-01T10:35:00,2017-01-01T11:43:00,2017-01-01T12:17:00
AA,220,PDX,SFO,2017-01-01T21:00:00,2017-01-01T22:20:00,2017-01-01T22:51:00,2017-01-02T00:39:00
UA,716,LAX,SLC,2017-01-01T16:20:00,2017-01-01T16:18:00,2017-01-01T19:05:00,2017-01-01T18:52:00
AA,287,BOS,LAX,2017-01-01T18:50:00,2017-01-01T18:45:00,2017-01-01T22:46:00,2017-01-01T22:11:00
AS,1400,PDX,SLC,2017-01-01T13:50:00,2017-01-01T13:44:00,2017-01-01T16:38:00,2017-01-01T16:20:00
AS,1004,SEA,PDX,2017-01-01T09:40:00,2017-01-01T09:35:00,2017-01-01T10:45:00,2017-01-01T10:32:00
UA,473,LAX,SFO,2017-01-01T19:35:00,2017-01-01T23:11:00,2017-01-01T20:55:00,2017-01-02T00:38:00
AA,2204,SEA,LAX,2017-01-01T14:24:00,2017-01-01T14:19:00,2017-01-01T17:18:00,2017-01-01T17:16:00
AS,1171,PDX,SEA,2017-01-01T09:15:00,2017-01-01T09:18:00,2017-01-01T10:10:00,2017-01-01T10:11:00
AS,200,PDX,SFO,2017-01-01T17:30:00,2017-01-01T19:23:00,2017-01-01T19:21:00,2017-01-01T21:57:00
AA,2505,SFO,SLC,2017-01-01T13:55:00,2017-01-01T14:33:00,2017-01-01T16:51:00,2017-01-01T17:25:00
AA,781,SFO,BOS,2017-01-01T12:10:00,2017-01-01T12:18:00,2017-01-01T20:35:00,2017-01-01T20:49:00
WN,730,SLC,PDX,2017-01-01T12:21:00,2017-01-01T12:25:00,2017-01-01T13:28:00,2017-01-01T13:30:00
UA,130,SLC,LAX,2017-01-01T16:10:00,2017-01-01T16:07:00,2017-01-01T17:10:00,2017-01-01T17:06:00
AA,1007,SFO,BOS,2017-01-01T23:35:00,2017-01-01T23:33:00,2017-01-02T08:11:00,2017-01-02T07:46:00
WN,1226,LAX,SFO,2017-01-01T10:00:00,2017-01-01T09:57:00,2017-01-01T11:43:00,2017-01-01T11:23:00
AS,215,LAX,PDX,2017-01-01T15:00:00,2017-01-01T14:57:00,2017-01-01T17:34:00,2017-01-01T17:07:00
AA,190,SFO,SEA,2017-01-01T17:00:00,2017-01-01T16:53:00,2017-01-01T19:14:00,2017-01-01T18:51:00
DY,3045,LAX,LGW,2017-01-01T19:35:00,2017-01-01T20:21:00,2017-01-02T13:50:00,2017-01-02T14:09:00
UA,485,LAX,SFO,2017-01-01T12:25:00,2017-01-01T12:23:00,2017-01-01T13:50:00,2017-01-01T13:40:00
UA,504,LAX,SFO,2017-01-01T08:15:00,2017-01-01T08:11:00,2017-01-01T09:35:00,2017-01-01T09:34:00
WN,365,PDX,SLC,2017-01-01T08:20:00,2017-01-01T08:15:00,2017-01-01T11:13:00,2017-01-01T11:03:00
AS,132,SFO,SEA,2017-01-01T23:00:00,2017-01-01T22:59:00,2017-01-02T01:10:00,2017-01-02T01:01:00
AA,811,LAX,SFO,2017-01-01T10:08:00,2017-01-01T10:00:00,2017-01-01T12:00:00,2017-01-01T11:53:00
AS,238,PDX,LAX,2017-01-01T14:55:00,2017-01-01T14:49:00,2017-01-01T17:11:00,2017-01-01T17:10:00
AA,363,LAX,BOS,2017-01-01T09:20:00,2017-01-01T09:20:00,2017-01-01T17:54:00,2017-01-01T17:34:00
VX,853,SFO,LAX,2017-01-01T13:05:00,2017-01-01T13:00:00,2017-01-01T14:26:00,2017-01-01T14:24:00
AA,269,PDX,SFO,2017-01-01T10:40:00,2017-01-01T10:32:00,2017-01-01T12:36:00,2017-01-01T12:20:00
WN,2529,SEA,SFO,2017-01-01T10:50:00,2017-01-01T10:49:00,2017-01-01T13:15:00,2017-01-01T13:21:00
AS,192,PDX,SEA,2017-01-01T06:50:00,2017-01-01T06:46:00,2017-01-01T07:47:00,2017-01-01T07:33:00
WN,840,SLC,BOS,2017-01-01T23:45:00,2017-01-01T23:45:00,2017-01-02T06:21:00,2017-01-02T06:00:00
WN,2245,LAX,SFO,2017-01-01T17:00:00,2017-01-01T16:56:00,2017-01-01T18:29:00,2017-01-01T18:16:00
AS,990,SEA,PDX,2017-01-01T14:10:00,2017-01-01T14:07:00,2017-01-01T14:57:00,2017-01-01T14:57:00
WN,1030,SFO,SLC,2017-01-01T18:04:00,2017-01-01T18:01:00,2017-01-01T21:00:00,2017-01-01T20:35:00
AS,978,PDX,SEA,2017-01-01T11:49:00,2017-01-01T11:48:00,2017-01-01T12:42:00,2017-01-01T12:36:00
AS,1593,SEA,PDX,2017-01-01T08:00:00,2017-01-01T07:53:00,2017-01-01T08:52:00,2017-01-01T08:49:00
AA,95,SFO,LAX,2017-01-01T16:00:00,2017-01-01T15:53:00,2017-01-01T17:41:00,2017-01-01T17:17:00
WN,59,LAX,SEA,2017-01-01T12:40:00,2017-01-01T12:37:00,2017-01-01T15:40:00,2017-01-01T15:04:00
WN,31,PDX,LAX,2017-01-01T13:43:00,2017-01-01T13:40:00,2017-01-01T16:03:00,2017-01-01T16:02:00
AS,251,LAX,PDX,2017-01-01T22:40:00,2017-01-01T22:38:00,2017-01-02T01:14:00,2017-01-02T00:59:00
WN,1270,LAX,SLC,2017-01-01T14:04:00,2017-01-01T14:03:00,2017-01-01T17:01:00,2017-01-01T16:45:00
WN,42,SLC,LAX,2017-01-01T10:53:00,2017-01-01T10:46:00,2017-01-01T12:00:00,2017-01-01T11:38:00
UA,691,PDX,SFO,2017-01-01T06:35:00,2017-01-01T06:29:00,2017-01-01T08:25:00,2017-01-01T08:19:00
AS,162,SFO,SEA,2017-01-01T16:20:00,2017-01-01T16:21:00,2017-01-01T18:28:00,2017-01-01T18:16:00
WN,1387,SFO,LAX,2017-01-01T12:50:00,2017-01-01T12:45:00,2017-01-01T14:25:00,2017-01-01T14:14:00
AS,1089,PDX,SEA,2017-01-01T10:50:00,2017-01-01T11:04:00,2017-01-01T11:47:00,2017-01-01T11:53:00
LH,201,FRA,BOS,2017-01-01T11:55:00,2017-01-01T12:31:00,2017-01-01T14:05:00,2017-01-01T15:15:00
DL,2896,LAX,SFO,2017-01-01T18:00:00,2017-01-01T17:56:00,2017-01-01T19:30:00,2017-01-01T19:19:00
AA,337,SEA,SFO,2017-01-01T10:15:00,2017-01-01T10:03:00,2017-01-01T12:38:00,2017-01-01T12:15:00
DL,2902,LAX,SFO,2017-01-01T19:30:00,2017-01-01T19:27:00,2017-01-01T20:55:00,2017-01-01T21:43:00
AA,993,SFO,PDX,2017-01-01T13:45:00,2017-01-01T13:42:00,2017-01-01T15:35:00,2017-01-01T15:14:00
WN,1044,SEA,SLC,2017-01-01T10:55:00,2017-01-01T10:51:00,2017-01-01T13:56:00,2017-01-01T13:50:00
WN,460,SLC,LAX,2017-01-01T22:55:00,2017-01-01T22:52:00,2017-01-01T23:59:00,2017-01-01T23:51:00
AA,2779,LAX,SLC,2017-01-01T20:35:00,2017-01-01T20:26:00,2017-01-01T23:27:00,2017-01-01T22:59:00
B6,140,BOS,LAX,2017-01-01T08:00:00,2017-01-01T07:50:00,2017-01-01T11:35:00,2017-01-01T11:32:00
WN,1101,SLC,SFO,2017-01-01T16:13:00,2017-01-01T16:10:00,2017-01-01T17:24:00,2017-01-01T17:14:00
WN,920,LAX,SEA,2017-01-01T11:00:00,2017-01-01T10:57:00,2017-01-01T14:04:00,2017-01-01T13:30:00
AA,292,SEA,SFO,2017-01-01T18:14:00,2017-01-01T18:08:00,2017-01-01T20:26:00,2017-01-01T21:18:00
VX,756,SEA,SFO,2017-01-01T19:00:00,2017-01-01T18:49:00,2017-01-01T21:05:00,2017-01-01T21:55:00
VX,675,SFO,BOS,2017-01-01T07:30:00,2017-01-01T07:24:00,2017-01-01T16:10:00,2017-01-01T15:37:00
AS,1159,SEA,PDX,2017-01-01T14:40:00,2017-01-01T14:39:00,2017-01-01T15:27:00,2017-01-01T15:40:00
AA,112,SFO,LAX,2017-01-01T21:15:00,2017-01-01T21:07:00,2017-01-01T22:56:00,2017-01-01T23:03:00
WN,474,LAX,PDX,2017-01-01T20:10:00,2017-01-01T20:00:00,2017-01-01T22:46:00,2017-01-01T22:13:00
WN,2500,SFO,LAX,2017-01-01T08:50:00,2017-01-01T08:42:00,2017-01-01T10:25:00,2017-01-01T10:11:00
WN,618,SLC,LAX,2017-01-01T21:10:00,2017-01-01T21:42:00,2017-01-01T22:15:00,2017-01-01T22:37:00
AS,154,OAK,SEA,2017-01-01T19:30:00,2017-01-01T19:27:00,2017-01-01T21:38:00,2017-01-01T21:27:00
WN,3006,SEA,PDX,2017-01-01T18:15:00,2017-01-01T18:14:00,2017-01-01T19:19:00,2017-01-01T19:21:00
AA,2851,SFO,SLC,2017-01-01T09:02:00,2017-01-01T09:00:00,2017-01-01T12:02:00,2017-01-01T11:49:00
WN,3021,PDX,SEA,2017-01-01T19:55:00,2017-01-01T19:52:00,2017-01-01T20:54:00,2017-01-01T20:45:00
WN,170,SEA,SLC,2017-01-01T14:20:00,2017-01-01T14:18:00,2017-01-01T17:17:00,2017-01-01T16:59:00
DL,3120,SLC,LAX,2017-01-01T13:00:00,2017-01-01T12:52:00,2017-01-01T14:06:00,2017-01-01T13:42:00
AS,217,SEA,PDX,2017-01-02T00:10:00,2017-01-02T00:15:00,2017-01-02T00:56:00,2017-01-02T01:09:00
AA,819,PDX,SFO,2017-01-01T16:30:00,2017-01-01T16:22:00,2017-01-01T18:20:00,2017-01-01T18:07:00
AA,3129,SLC,LAX,2017-01-01T18:45:00,2017-01-01T18:52:00,2017-01-01T19:49:00,2017-01-01T19:50:00
AI,63,FRA,DEL,2017-01-01T22:30:00,2017-01-01T22:20:00,2017-01-02T10:35:00,2017-01-02T10:21:00
AS,1771,SEA,PDX,2017-01-01T18:00:00,2017-01-01T19:23:00,2017-01-01T18:52:00,2017-01-01T20:15:00
AS,1204,PDX,SEA,2017-01-01T22:30:00,2017-01-01T22:30:00,2017-01-01T23:25:00,2017-01-01T23:45:00
VX,1027,SFO,LAX,2017-01-01T19:50:00,2017-01-01T19:47:00,2017-01-01T21:18:00,2017-01-01T21:32:00
VX,719,LAX,BOS,2017-01-01T09:23:00,2017-01-01T09:22:00,2017-01-01T17:50:00,2017-01-01T17:42:00
WN,269,SEA,SLC,2017-01-01T19:10:00,2017-01-01T19:07:00,2017-01-01T22:07:00,2017-01-01T21:53:00
WN,3019,SEA,PDX,2017-01-01T23:56:00,2017-01-02T00:22:00,2017-01-02T00:58:00,2017-01-02T01:18:00
AA,923,SFO,LAX,2017-01-01T17:22:00,2017-01-01T17:17:00,2017-01-01T19:02:00,2017-01-01T18:45:00
AA,128,SFO,BOS,2017-01-01T15:13:00,2017-01-01T15:09:00,2017-01-01T23:47:00,2017-01-01T23:24:00
WN,435,SLC,LAX,2017-01-01T09:40:00,2017-01-01T09:36:00,2017-01-01T10:45:00,2017-01-01T10:51:00
AA,213,LAX,SFO,2017-01-02T00:00:00,2017-01-02T00:13:00,2017-01-02T01:30:00,2017-01-02T01:55:00
AS,488,PDX,SEA,2017-01-01T14:25:00,2017-01-01T14:15:00,2017-01-01T15:22:00,2017-01-01T15:12:00
WN,2567,SLC,SEA,2017-01-01T08:15:00,2017-01-01T08:12:00,2017-01-01T09:43:00,2017-01-01T09:34:00
AS,1850,SEA,PDX,2017-01-01T19:32:00,2017-01-01T19:31:00,2017-01-01T20:24:00,2017-01-01T20:23:00
AA,250,LAX,SFO,2017-01-01T17:31:00,2017-01-01T17:27:00,2017-01-01T19:02:00,2017-01-01T18:44:00
AA,841,SFO,LAX,2017-01-01T08:09:00,2017-01-01T07:58:00,2017-01-01T09:58:00,2017-01-01T09:27:00
AS,1832,PDX,SEA,2017-01-01T19:37:00,2017-01-01T20:41:00,2017-01-01T20:37:00,2017-01-01T21:35:00
AS,1145,SEA,PDX,2017-01-01T09:02:00,2017-01-01T08:57:00,2017-01-01T10:07:00,2017-01-01T10:11:00
WN,661,LAX,SEA,2017-01-01T18:25:00,2017-01-01T18:24:00,2017-01-01T21:20:00,2017-01-01T20:58:00
AS,244,LAX,SEA,2017-01-01T19:59:00,2017-01-01T20:15:00,2017-01-01T22:51:00,2017-01-01T23:17:00
DL,3327,SFO,LAX,2017-01-01T12:35:00,2017-01-01T12:31:00,2017-01-01T14:12:00,2017-01-01T13:54:00
WN,774,LAX,SLC,2017-01-01T07:00:00,2017-01-01T06:53:00,2017-01-01T09:58:00,2017-01-01T09:40:00
AS,1533,SEA,PDX,2017-01-01T23:11:00,2017-01-01T23:52:00,2017-01-02T00:00:00,2017-01-02T00:36:00
WN,72,SEA,LAX,2017-01-01T10:45:00,2017-01-01T10:48:00,2017-01-01T13:34:00,2017-01-01T13:28:00
DL,3388,PDX,LAX,2017-01-01T07:05:00,2017-01-01T06:55:00,2017-01-01T09:44:00,2017-01-01T09:22:00
WN,1187,LAX,SFO,2017-01-01T22:00:00,2017-01-01T23:10:00,2017-01-01T23:33:00,2017-01-02T00:43:00
WN,2535,SFO,LAX,2017-01-01T20:50:00,2017-01-01T20:40:00,2017-01-01T22:25:00,2017-01-01T22:18:00
AA,1369,BOS,SFO,2017-01-01T19:20:00,2017-01-01T19:24:00,2017-01-01T22:46:00,2017-01-01T23:03:00
AS,325,SFO,PDX,2017-01-01T14:51:00,2017-01-01T14:44:00,2017-01-01T16:30:00,2017-01-01T16:25:00
VX,1111,LAX,SFO,2017-01-01T15:30:00,2017-01-01T15:24:00,2017-01-01T16:45:00,2017-01-01T16:49:00
DL,3469,SFO,LAX,2017-01-01T17:00:00,2017-01-01T17:21:00,2017-01-01T18:43:00,2017-01-01T18:47:00
LH,264,LAX,FRA,2017-01-01T16:15:00,2017-01-01T16:25:00,2017-01-02T12:10:00,2017-01-02T11:55:00
AA,276,SFO,LAX,2017-01-01T09:25:00,2017-01-01T09:17:00,2017-01-01T11:19:00,2017-01-01T11:05:00
WN,2712,SFO,SEA,2017-01-01T11:41:00,2017-01-01T11:42:00,2017-01-01T14:00:00,2017-01-01T13:58:00
WN,2861,SFO,SLC,2017-01-01T19:25:00,2017-01-01T19:19:00,2017-01-01T22:14:00,2017-01-01T21:50:00
AA,756,LAX,SFO,2017-01-01T09:10:00,2017-01-01T09:04:00,2017-01-01T11:01:00,2017-01-01T10:35:00
DL,3533,SFO,LAX,2017-01-01T23:00:00,2017-01-02T00:38:00,2017-01-02T00:40:00,2017-01-02T01:59:00
WN,844,LAX,SLC,2017-01-01T19:35:00,2017-01-01T19:30:00,2017-01-01T22:25:00,2017-01-01T22:09:00
DL,181,BOS,LAX,2017-01-01T18:48:00,2017-01-01T18:46:00,2017-01-01T22:45:00,2017-01-01T22:30:00
AS,430,SLC,LAX,2017-01-01T07:00:00,2017-01-01T06:53:00,2017-01-01T07:58:00,2017-01-01T07:48:00
WN,1155,LAX,SEA,2017-01-01T10:00:00,2017-01-01T09:58:00,2017-01-01T13:05:00,2017-01-01T12:37:00
DL,3621,LAX,SFO,2017-01-01T10:30:00,2017-01-01T10:25:00,2017-01-01T12:03:00,2017-01-01T11:49:00
UA,1164,LAX,PDX,2017-01-01T06:35:00,2017-01-01T06:32:00,2017-01-01T09:05:00,2017-01-01T08:44:00
AS,2107,SEA,PDX,2017-01-01T21:18:00,2017-01-01T21:58:00,2017-01-01T22:10:00,2017-01-01T22:47:00
WN,42,LAX,PDX,2017-01-01T07:35:00,2017-01-01T07:29:00,2017-01-01T10:06:00,2017-01-01T09:41:00
AS,271,SEA,LAX,2017-01-01T20:40:00,2017-01-01T20:35:00,2017-01-01T23:23:00,2017-01-01T23:28:00
B6,420,LAX,BOS,2017-01-02T00:50:00,2017-01-02T00:42:00,2017-01-02T09:13:00,2017-01-02T08:51:00
WN,1393,LAX,SLC,2017-01-01T17:55:00,2017-01-01T17:52:00,2017-01-01T20:50:00,2017-01-01T20:39:00
AS,290,LAX,SEA,2017-01-01T14:35:00,2017-01-01T14:32:00,2017-01-01T17:28:00,2017-01-01T17:07:00
WN,2654,SFO,SEA,2017-01-01T17:38:00,2017-01-01T17:41:00,2017-01-01T19:56:00,2017-01-01T19:46:00
DL,3774,SEA,LAX,2017-01-01T12:21:00,2017-01-01T12:18:00,2017-01-01T15:13:00,2017-01-01T14:59:00
WN,1084,SLC,SEA,2017-01-01T10:53:00,2017-01-01T10:51:00,2017-01-01T12:19:00,2017-01-01T12:26:00
WN,2816,SFO,LAX,2017-01-01T09:50:00,2017-01-01T09:43:00,2017-01-01T11:25:00,2017-01-01T11:04:00
UA,148,LAX,SLC,2017-01-01T21:50:00,2017-01-01T22:31:00,2017-01-02T00:40:00,2017-01-02T01:14:00
AA,519,SFO,LAX,2017-01-01T20:05:00,2017-01-01T20:03:00,2017-01-01T21:46:00,2017-01-01T21:42:00
VX,1256,SFO,LAX,2017-01-01T21:10:00,2017-01-01T21:12:00,2017-01-01T22:35:00,2017-01-01T22:34:00
UA,1116,SFO,LAX,2017-01-01T21:10:00,2017-01-01T21:17:00,2017-01-01T22:35:00,2017-01-01T22:44:00
VX,1147,LAX,SEA,2017-01-01T11:30:00,2017-01-01T11:28:00,2017-01-01T14:15:00,2017-01-01T14:08:00
WN,3686,PDX,SEA,2017-01-01T14:18:00,2017-01-01T14:30:00,2017-01-01T15:16:00,2017-01-01T15:33:00
AS,364,LAX,PDX,2017-01-01T08:00:00,2017-01-01T07:52:00,2017-01-01T10:31:00,2017-01-01T10:13:00
WN,2790,SFO,LAX,2017-01-01T15:50:00,2017-01-01T15:50:00,2017-01-01T17:25:00,2017-01-01T17:13:00
WN,1649,LAX,BOS,2017-01-01T22:39:00,2017-01-01T22:34:00,2017-01-02T07:15:00,2017-01-02T06:41:00
DL,3929,LAX,SLC,2017-01-01T09:25:00,2017-01-01T09:20:00,2017-01-01T12:27:00,2017-01-01T12:00:00
WN,3060,SEA,SFO,2017-01-01T08:40:00,2017-01-01T08:32:00,2017-01-01T11:11:00,2017-01-01T11:16:00
WN,1012,PDX,SEA,2017-01-01T12:26:00,2017-01-01T12:22:00,2017-01-01T13:30:00,2017-01-01T13:15:00
AS,204,SFO,SEA,2017-01-01T07:30:00,2017-01-01T07:20:00,2017-01-01T09:41:00,2017-01-01T09:37:00
WN,644,SEA,SLC,2017-01-01T12:30:00,2017-01-01T12:29:00,2017-01-01T15:30:00,2017-01-01T15:18:00
B6,290,SFO,BOS,2017-01-01T08:50:00,2017-01-01T08:42:00,2017-01-01T17:18:00,2017-01-01T16:53:00
VX,902,BOS,SFO,2017-01-01T08:15:00,2017-01-01T08:07:00,2017-01-01T11:53:00,2017-01-01T12:04:00
WN,3215,LAX,SFO,2017-01-01T11:00:00,2017-01-01T10:55:00,2017-01-01T12:38:00,2017-01-01T12:15:00
WN,1887,LAX,SFO,2017-01-01T20:00:00,2017-01-01T22:35:00,2017-01-01T21:37:00,2017-01-01T23:57:00
AA,176,SFO,LAX,2017-01-01T23:41:00,2017-01-02T01:44:00,2017-01-02T01:10:00,2017-01-02T03:05:00
DL,4133,LAX,SEA,2017-01-01T17:50:00,2017-01-01T17:44:00,2017-01-01T20:45:00,2017-01-01T20:16:00
AA,362,SFO,LAX,2017-01-01T18:38:00,2017-01-01T18:36:00,2017-01-01T20:18:00,2017-01-01T20:19:00
AS,312,PDX,LAX,2017-01-01T07:55:00,2017-01-01T07:56:00,2017-01-01T10:28:00,2017-01-01T10:27:00
AS,1560,PDX,SEA,2017-01-01T09:45:00,2017-01-01T09:41:00,2017-01-01T10:40:00,2017-01-01T10:48:00
DL,2211,SLC,LAX,2017-01-01T09:40:00,2017-01-01T09:29:00,2017-01-01T11:05:00,2017-01-01T10:57:00
WN,534,SFO,SEA,2017-01-01T15:10:00,2017-01-01T15:03:00,2017-01-01T17:29:00,2017-01-01T17:04:00
AS,509,SEA,SLC,2017-01-01T07:10:00,2017-01-01T06:58:00,2017-01-01T10:07:00,2017-01-01T09:55:00
WN,471,PDX,LAX,2017-01-01T19:52:00,2017-01-01T19:50:00,2017-01-01T22:15:00,2017-01-01T22:09:00
VX,953,SFO,BOS,2017-01-01T10:27:00,2017-01-01T10:20:00,2017-01-01T19:10:00,2017-01-01T18:56:00
AS,21,PDX,BOS,2017-01-01T10:33:00,2017-01-01T10:27:00,2017-01-01T18:50:00,2017-01-01T18:46:00
DL,4291,SFO,LAX,2017-01-01T08:00:00,2017-01-01T07:57:00,2017-01-01T09:49:00,2017-01-01T09:40:00
WN,1061,SEA,LAX,2017-01-01T09:00:00,2017-01-01T08:57:00,2017-01-01T12:00:00,2017-01-01T11:46:00
AA,582,SFO,LAX,2017-01-01T10:31:00,2017-01-01T10:27:00,2017-01-01T12:15:00,2017-01-01T11:59:00
VX,1383,LAX,SFO,2017-01-01T13:55:00,2017-01-01T13:44:00,2017-01-01T15:13:00,2017-01-01T15:34:00
B6,206,LAX,BOS,2017-01-01T08:10:00,2017-01-01T08:07:00,2017-01-01T16:29:00,2017-01-01T16:17:00
AS,367,LAX,PDX,2017-01-02T00:50:00,2017-01-02T00:32:00,2017-01-02T03:24:00,2017-01-02T02:45:00
WN,1989,BOS,SLC,2017-01-01T07:30:00,2017-01-01T07:24:00,2017-01-01T11:05:00,2017-01-01T10:46:00
WN,362,LAX,PDX,2017-01-01T10:35:00,2017-01-01T10:28:00,2017-01-01T13:08:00,2017-01-01T12:42:00
UA,833,SFO,LAX,2017-01-01T17:35:00,2017-01-01T17:40:00,2017-01-01T19:00:00,2017-01-01T18:59:00
WN,4125,SEA,PDX,2017-01-01T16:19:00,2017-01-01T16:15:00,2017-01-01T17:20:00,2017-01-01T17:11:00
AS,1673,SEA,PDX,2017-01-01T22:20:00,2017-01-01T22:19:00,2017-01-01T23:09:00,2017-01-01T23:08:00
VX,1405,LAX,SFO,2017-01-01T19:45:00,2017-01-01T23:12:00,2017-01-01T20:59:00,2017-01-02T00:48:00
DL,4372,SEA,LAX,2017-01-01T21:15:00,2017-01-01T21:05:00,2017-01-02T00:06:00,2017-01-01T23:45:00
AA,1320,SFO,LAX,2017-01-01T13:01:00,2017-01-01T13:00:00,2017-01-01T14:40:00,2017-01-01T14:19:00
AA,931,LAX,SFO,2017-01-01T07:58:00,2017-01-01T07:49:00,2017-01-01T09:27:00,2017-01-01T09:16:00
WN,2117,SFO,SEA,2017-01-01T07:25:00,2017-01-01T07:17:00,2017-01-01T09:45:00,2017-01-01T09:15:00
DL,4405,LAX,SFO,2017-01-01T13:30:00,2017-01-01T13:27:00,2017-01-01T15:03:00,2017-01-01T14:52:00
WN,2426,SLC,LAX,2017-01-01T15:45:00,2017-01-01T15:57:00,2017-01-01T16:45:00,2017-01-01T17:00:00
DL,2292,LAX,SLC,2017-01-01T12:20:00,2017-01-01T12:15:00,2017-01-01T15:20:00,2017-01-01T14:45:00
WN,2224,PDX,SLC,2017-01-01T18:10:00,2017-01-01T18:04:00,2017-01-01T20:55:00,2017-01-01T20:38:00
WN,1873,SFO,LAX,2017-01-01T10:55:00,2017-01-01T10:50:00,2017-01-01T12:40:00,2017-01-01T12:11:00
VX,1353,SFO,PDX,2017-01-01T17:00:00,2017-01-01T16:50:00,2017-01-01T18:40:00,2017-01-01T18:26:00
AA,325,BOS,SFO,2017-01-01T07:00:00,2017-01-01T07:00:00,2017-01-01T10:36:00,2017-01-01T10:32:00
AA,504,PDX,SFO,2017-01-01T07:00:00,2017-01-01T06:49:00,2017-01-01T08:48:00,2017-01-01T08:39:00
KE,160,LAX,SFO,2017-01-02T00:55:00,2017-01-02T00:43:00,2017-01-02T02:20:00,2017-01-02T02:27:00
DL,111,BOS,LAX,2017-01-01T15:45:00,2017-01-01T15:42:00,2017-01-01T19:37:00,2017-01-01T19:00:00
AA,393,SFO,PDX,2017-01-01T23:58:00,2017-01-01T23:57:00,2017-01-02T01:45:00,2017-01-02T01:46:00
WN,3542,SEA,SLC,2017-01-01T21:55:00,2017-01-01T21:49:00,2017-01-02T00:55:00,2017-01-02T00:45:00
WN,1911,LAX,BOS,2017-01-01T10:00:00,2017-01-01T09:56:00,2017-01-01T18:38:00,2017-01-01T18:18:00
UA,1453,SLC,LAX,2017-01-01T19:25:00,2017-01-01T19:23:00,2017-01-01T20:25:00,2017-01-01T20:18:00
WN,1675,SEA,BOS,2017-01-01T23:05:00,2017-01-01T23:04:00,2017-01-02T07:25:00,2017-01-02T06:58:00
AS,330,SEA,LAX,2017-01-01T09:00:00,2017-01-01T08:56:00,2017-01-01T11:53:00,2017-01-01T12:00:00
AS,1722,SEA,PDX,2017-01-01T23:35:00,2017-01-01T23:35:00,2017-01-02T00:22:00,2017-01-02T00:23:00
WN,2012,SFO,BOS,2017-01-01T12:30:00,2017-01-01T12:35:00,2017-01-01T21:20:00,2017-01-01T21:08:00
AI,94,DEL,FRA,2017-01-01T14:35:00,2017-01-01T14:58:00,2017-01-01T19:00:00,2017-01-01T18:50:00
AS,276,SFO,SEA,2017-01-01T20:23:00,2017-01-01T22:44:00,2017-01-01T22:32:00,2017-01-02T00:45:00
AA,201,SFO,SEA,2017-01-01T07:00:00,2017-01-01T06:52:00,2017-01-01T09:13:00,2017-01-01T09:10:00
VX,1385,SEA,LAX,2017-01-01T07:45:00,2017-01-01T07:33:00,2017-01-01T10:20:00,2017-01-01T10:20:00
WN,2145,LAX,SFO,2017-01-01T08:00:00,2017-01-01T07:54:00,2017-01-01T09:39:00,2017-01-01T09:13:00
AS,1680,SEA,PDX,2017-01-01T16:42:00,2017-01-01T17:00:00,2017-01-01T17:30:00,2017-01-01T17:50:00
WN,4573,SEA,SFO,2017-01-01T18:15:00,2017-01-01T18:08:00,2017-01-01T20:39:00,2017-01-01T20:51:00
WN,894,SLC,PDX,2017-01-01T17:50:00,2017-01-01T17:45:00,2017-01-01T18:54:00,2017-01-01T18:42:00
B6,419,SFO,BOS,2017-01-01T15:24:00,2017-01-01T15:28:00,2017-01-01T23:54:00,2017-01-01T23:44:00
WN,897,PDX,SLC,2017-01-01T19:35:00,2017-01-01T19:27:00,2017-01-01T22:25:00,2017-01-01T21:57:00
DL,4730,SFO,LAX,2017-01-01T14:00:00,2017-01-01T13:56:00,2017-01-01T15:38:00,2017-01-01T15:26:00
AS,373,SEA,LAX,2017-01-01T18:47:00,2017-01-01T18:41:00,2017-01-01T21:20:00,2017-01-01T21:18:00
AA,484,SFO,PDX,2017-01-01T18:13:00,2017-01-01T18:14:00,2017-01-01T20:09:00,2017-01-01T19:50:00
AA,378,BOS,SFO,2017-01-01T11:25:00,2017-01-01T11:18:00,2017-01-01T14:58:00,2017-01-01T14:47:00
AS,2683,SEA,PDX,2017-01-01T07:32:00,2017-01-01T07:28:00,2017-01-01T08:24:00,2017-01-01T08:30:00
AS,395,PDX,LAX,2017-01-01T21:55:00,2017-01-01T21:54:00,2017-01-02T00:22:00,2017-01-02T00:54:00
WN,1235,SEA,LAX,2017-01-01T16:31:00,2017-01-01T16:34:00,2017-01-01T19:16:00,2017-01-01T19:05:00
AA,279,BOS,SFO,2017-01-01T16:45:00,2017-01-01T16:39:00,2017-01-01T20:18:00,2017-01-01T20:04:00
AS,26,BOS,PDX,2017-01-01T17:20:00,2017-01-01T17:14:00,2017-01-01T21:00:00,2017-01-01T20:45:00
WN,1331,SLC,SEA,2017-01-01T12:10:00,2017-01-01T12:04:00,2017-01-01T13:29:00,2017-01-01T13:15:00
AS,10,SEA,BOS,2017-01-01T07:59:00,2017-01-01T08:08:00,2017-01-01T16:15:00,2017-01-01T16:08:00
LH,607,FRA,DEL,2017-01-01T14:20:00,2017-01-01T14:53:00,2017-01-02T02:30:00,2017-01-02T03:06:00
DY,5710,LGW,SEA,2017-01-01T10:40:00,2017-01-01T10:39:00,2017-01-01T12:35:00,2017-01-01T12:27:00
VX,1087,BOS,SFO,2017-01-01T17:05:00,2017-01-01T17:03:00,2017-01-01T20:47:00,2017-01-01T19:51:00
LH,367,FRA,LAX,2017-01-01T11:05:00,2017-01-01T11:25:00,2017-01-01T14:00:00,2017-01-01T14:09:00
AS,580,SLC,SEA,2017-01-01T11:10:00,2017-01-01T11:04:00,2017-01-01T12:28:00,2017-01-01T12:14:00
AS,405,PDX,LAX,2017-01-01T06:00:00,2017-01-01T05:54:00,2017-01-01T08:33:00,2017-01-01T08:18:00
AS,159,LAX,PDX,2017-01-01T18:55:00,2017-01-01T18:51:00,2017-01-01T21:29:00,2017-01-01T21:24:00
AA,1493,LAX,SFO,2017-01-01T11:25:00,2017-01-01T11:22:00,2017-01-01T13:02:00,2017-01-01T12:39:00
AA,986,PDX,SFO,2017-01-01T17:40:00,2017-01-01T17:39:00,2017-01-01T19:30:00,2017-01-01T19:27:00
AS,2314,SEA,PDX,2017-01-01T07:03:00,2017-01-01T06:58:00,2017-01-01T07:50:00,2017-01-01T07:54:00
AA,4220,SEA,LAX,2017-01-01T20:05:00,2017-01-01T20:01:00,2017-01-01T22:57:00,2017-01-01T22:50:00
AS,1733,PDX,SEA,2017-01-01T22:50:00,2017-01-01T22:59:00,2017-01-01T23:45:00,2017-01-02T00:04:00
WN,1479,LAX,SFO,2017-01-01T15:00:00,2017-01-01T14:57:00,2017-01-01T16:32:00,2017-01-01T16:20:00
UA,82,LAX,SFO,2017-01-01T22:00:00,2017-01-01T23:56:00,2017-01-01T23:25:00,2017-01-02T01:20:00
AS,2199,SEA,PDX,2017-01-01T10:15:00,2017-01-01T10:13:00,2017-01-01T11:15:00,2017-01-01T11:02:00
AA,290,SFO,SEA,2017-01-01T23:55:00,2017-01-02T01:45:00,2017-01-02T02:08:00,2017-01-02T03:30:00
WN,4755,SFO,SEA,2017-01-01T09:00:00,2017-01-01T09:00:00,2017-01-01T11:22:00,2017-01-01T11:22:00
WN,2053,SLC,SEA,2017-01-01T18:02:00,2017-01-01T18:01:00,2017-01-01T19:19:00,2017-01-01T19:13:00
AS,385,LAX,SEA,2017-01-01T13:00:00,2017-01-01T12:51:00,2017-01-01T15:54:00,2017-01-01T15:47:00
UA,954,LAX,SFO,2017-01-01T11:10:00,2017-01-01T11:09:00,2017-01-01T12:35:00,2017-01-01T12:25:00
VX,1257,SEA,SFO,2017-01-01T15:00:00,2017-01-01T14:48:00,2017-01-01T17:14:00,2017-01-01T17:15:00
WN,6,SLC,LAX,2017-01-01T07:45:00,2017-01-01T07:56:00,2017-01-01T08:42:00,2017-01-01T08:48:00
AS,266,SEA,SFO,2017-01-01T07:30:00,2017-01-01T07:16:00,2017-01-01T09:42:00,2017-01-01T09:35:00
AS,1720,SEA,PDX,2017-01-01T13:44:00,2017-01-01T13:41:00,2017-01-01T14:37:00,2017-01-01T14:28:00
WN,554,SLC,SEA,2017-01-01T09:25:00,2017-01-01T09:28:00,2017-01-01T10:50:00,2017-01-01T10:32:00
WN,330,SFO,SLC,2017-01-01T07:05:00,2017-01-01T07:00:00,2017-01-01T10:00:00,2017-01-01T09:43:00
VX,1612,SFO,LAX,2017-01-01T07:00:00,2017-01-01T06:50:00,2017-01-01T08:21:00,2017-01-01T08:28:00
LH,355,BOS,FRA,2017-01-01T17:30:00,2017-01-01T17:22:00,2017-01-02T06:35:00,2017-01-02T06:25:00
WN,267,SEA,LAX,2017-01-01T18:00:00,2017-01-01T17:55:00,2017-01-01T20:45:00,2017-01-01T20:33:00
AS,2907,SEA,SLC,2017-01-01T19:33:00,2017-01-01T20:12:00,2017-01-01T22:31:00,2017-01-01T22:58:00
VX,1522,SFO,PDX,2017-01-01T12:55:00,2017-01-01T12:44:00,2017-01-01T14:35:00,2017-01-01T14:51:00
AA,466,SFO,PDX,2017-01-01T12:08:00,2017-01-01T11:59:00,2017-01-01T13:58:00,2017-01-01T13:46:00
WN,4846,SEA,PDX,2017-01-01T08:50:00,2017-01-01T08:49:00,2017-01-01T09:56:00,2017-01-01T10:06:00
WN,4152,SFO,SLC,2017-01-01T11:15:00,2017-01-01T11:08:00,2017-01-01T14:08:00,2017-01-01T13:46:00
AA,4436,SLC,SFO,2017-01-01T09:20:00,2017-01-01T09:16:00,2017-01-01T10:50:00,2017-01-01T10:32:00
WN,1874,SEA,LAX,2017-01-01T07:30:00,2017-01-01T07:27:00,2017-01-01T10:19:00,2017-01-01T10:15:00
WN,2261,BOS,SEA,2017-01-01T08:20:00,2017-01-01T08:21:00,2017-01-01T11:45:00,2017-01-01T11:52:00
AA,50,FRA,SFO,2017-01-01T13:50:00,2017-01-01T14:09:00,2017-01-01T16:40:00,2017-01-01T16:57:00
B6,417,BOS,LAX,2017-01-01T19:55:00,2017-01-01T19:55:00,2017-01-01T23:37:00,2017-01-01T23:30:00
AA,1636,SFO,PDX,2017-01-01T23:02:00,2017-01-01T23:31:00,2017-01-02T00:52:00,2017-01-02T01:19:00
AA,176,SFO,PDX,2017-01-01T08:50:00,2017-01-01T08:45:00,2017-01-01T10:40:00,2017-01-01T10:30:00
AS,2104,PDX,SEA,2017-01-01T22:14:00,2017-01-01T22:10:00,2017-01-01T23:09:00,2017-01-01T23:13:00
AS,348,SEA,LAX,2017-01-01T07:10:00,2017-01-01T07:05:00,2017-01-01T10:00:00,2017-01-01T09:59:00
AS,620,SEA,SLC,2017-01-01T14:40:00,2017-01-01T14:53:00,2017-01-01T17:29:00,2017-01-01T17:43:00
WN,794,SFO,SLC,2017-01-01T14:15:00,2017-01-01T14:18:00,2017-01-01T17:03:00,2017-01-01T16:56:00
AA,668,SFO,PDX,2017-01-01T20:40:00,2017-01-01T23:50:00,2017-01-01T22:29:00,2017-01-02T01:31:00
AS,283,SEA,SFO,2017-01-01T16:10:00,2017-01-01T16:08:00,2017-01-01T18:13:00,2017-01-01T18:24:00
DL,2688,SLC,LAX,2017-01-01T15:51:00,2017-01-01T15:35:00,2017-01-01T16:59:00,2017-01-01T16:25:00
AS,2958,PDX,SEA,2017-01-01T13:49:00,2017-01-01T13:44:00,2017-01-01T14:49:00,2017-01-01T14:41:00
AS,13,BOS,SEA,2017-01-01T19:55:00,2017-01-01T19:58:00,2017-01-01T23:27:00,2017-01-01T23:31:00
AA,390,SFO,BOS,2017-01-01T17:00:00,2017-01-01T16:49:00,2017-01-02T01:22:00,2017-01-02T01:06:00
AS,2953,PDX,SEA,2017-01-01T21:15:00,2017-01-01T21:01:00,2017-01-01T22:15:00,2017-01-01T22:00:00
WN,592,LAX,PDX,2017-01-01T16:43:00,2017-01-01T16:47:00,2017-01-01T19:17:00,2017-01-01T19:05:00
AA,4837,LAX,SEA,2017-01-01T16:15:00,2017-01-01T16:10:00,2017-01-01T19:19:00,2017-01-01T19:02:00
AA,185,SFO,SEA,2017-01-01T11:55:00,2017-01-01T14:15:00,2017-01-01T14:09:00,
WN,1540,PDX,SLC,2017-01-01T14:23:00,2017-01-01T14:21:00,2017-01-01T17:11:00,2017-01-01T16:52:00
DL,2664,LAX,SLC,2017-01-01T16:45:00,2017-01-01T16:38:00,2017-01-01T19:38:00,2017-01-01T19:22:00
AA,715,SFO,PDX,2017-01-01T10:11:00,2017-01-01T10:05:00,2017-01-01T12:02:00,2017-01-01T11:50:00
UA,1026,SFO,LAX,2017-01-01T13:10:00,2017-01-01T13:08:00,2017-01-01T14:45:00,2017-01-01T14:52:00
AS,437,LAX,SEA,2017-01-01T20:35:00,2017-01-01T21:44:00,2017-01-01T23:24:00,2017-01-02T00:26:00
VX,1607,PDX,SFO,2017-01-01T09:45:00,2017-01-01T09:32:00,2017-01-01T11:34:00,2017-01-01T11:28:00
AA,728,SEA,SFO,2017-01-01T15:00:00,2017-01-01T16:53:00,2017-01-01T17:13:00,2017-01-01T19:07:00
AS,1846,PDX,SEA,2017-01-01T13:14:00,2017-01-01T13:10:00,2017-01-01T14:07:00,2017-01-01T14:06:00
AS,349,SFO,PDX,2017-01-01T07:44:00,2017-01-01T07:44:00,2017-01-01T09:25:00,2017-01-01T09:26:00
AA,567,LAX,SFO,2017-01-01T13:25:00,2017-01-01T13:16:00,2017-01-01T14:58:00,2017-01-01T14:48:00
VX,1361,SFO,SEA,2017-01-01T15:40:00,2017-01-01T15:31:00,2017-01-01T17:44:00,2017-01-01T17:33:00
DL,1244,LAX,BOS,2017-01-01T23:45:00,2017-01-01T23:38:00,2017-01-02T08:08:00,2017-01-02T07:42:00
WN,5,LAX,SLC,2017-01-01T12:35:00,2017-01-01T12:25:00,2017-01-01T15:31:00,2017-01-01T15:08:00
AA,333,SEA,SFO,2017-01-01T06:15:00,2017-01-01T06:06:00,2017-01-01T08:28:00,2017-01-01T08:14:00
DL,5479,LAX,SFO,2017-01-01T16:30:00,2017-01-01T16:25:00,2017-01-01T18:03:00,2017-01-01T17:43:00
UA,511,SFO,LAX,2017-01-01T10:15:00,2017-01-01T10:15:00,2017-01-01T11:45:00,2017-01-01T11:30:00
AA,4967,SFO,SLC,2017-01-01T17:05:00,2017-01-01T16:56:00,2017-01-01T20:04:00,2017-01-01T19:38:00
AA,665,LAX,SFO,2017-01-01T21:00:00,2017-01-01T22:28:00,2017-01-01T22:31:00,2017-01-02T00:24:00
UA,1061,LAX,SFO,2017-01-01T18:10:00,2017-01-01T18:49:00,2017-01-01T19:30:00,2017-01-01T20:03:00
AA,358,PDX,SFO,2017-01-01T08:00:00,2017-01-01T07:52:00,2017-01-01T09:57:00,2017-01-01T09:54:00
AS,1962,PDX,SEA,2017-01-01T12:34:00,2017-01-01T12:29:00,2017-01-01T13:26:00,2017-01-01T13:19:00
AA,440,LAX,SFO,2017-01-01T18:43:00,2017-01-01T18:33:00,2017-01-01T20:14:00,2017-01-01T19:49:00
B6,1680,BOS,SFO,2017-01-01T12:00:00,2017-01-01T12:00:00,2017-01-01T15:48:00,2017-01-01T15:45:00
AS,290,SEA,SFO,2017-01-01T13:55:00,2017-01-01T13:51:00,2017-01-01T16:02:00,2017-01-01T16:04:00
AA,151,LAX,SFO,,2017-01-01T16:04:00,,2017-01-01T17:31:00
WN,4371,LAX,SFO,2017-01-01T16:00:00,2017-01-01T15:51:00,2017-01-01T17:30:00,2017-01-01T17:18:00
AS,366,SEA,SFO,2017-01-01T07:05:00,2017-01-01T06:58:00,2017-01-01T09:17:00,2017-01-01T09:11:00
AA,5099,SLC,SFO,2017-01-01T20:45:00,2017-01-02T00:28:00,2017-01-01T21:59:00,2017-01-02T02:02:00
B6,635,BOS,LAX,2017-01-01T22:20:00,2017-01-01T22:17:00,2017-01-02T01:50:00,2017-01-02T01:45:00
LH,453,FRA,SEA,2017-01-01T11:30:00,2017-01-01T11:39:00,2017-01-01T12:50:00,2017-01-01T12:53:00
DL,5646,SFO,LAX,2017-01-01T06:40:00,2017-01-01T06:36:00,2017-01-01T08:13:00,2017-01-01T07:51:00
AS,352,SFO,SEA,2017-01-01T10:22:00,2017-01-01T10:16:00,2017-01-01T12:32:00,2017-01-01T12:09:00
AS,291,SEA,SFO,2017-01-01T11:30:00,2017-01-01T11:21:00,2017-01-01T13:45:00,2017-01-01T13:43:00
DL,5695,PDX,LAX,2017-01-01T18:57:00,2017-01-01T18:54:00,2017-01-01T21:30:00,2017-01-01T21:18:00
VX,1686,PDX,SFO,2017-01-01T07:30:00,2017-01-01T07:20:00,2017-01-01T09:18:00,2017-01-01T09:06:00
AS,657,SEA,PDX,2017-01-01T12:59:00,2017-01-01T12:54:00,2017-01-01T13:42:00,2017-01-01T13:44:00
AS,328,SFO,SEA,2017-01-01T18:00:00,2017-01-01T17:51:00,2017-01-01T20:11:00,2017-01-01T19:50:00
WN,5368,SFO,SEA,2017-01-01T19:00:00,2017-01-01T19:26:00,2017-01-01T21:15:00,2017-01-01T21:15:00
AA,668,LAX,SFO,2017-01-01T12:25:00,2017-01-01T12:15:00,2017-01-01T14:01:00,2017-01-01T13:33:00
WN,5410,SEA,SFO,2017-01-01T16:10:00,2017-01-01T16:31:00,2017-01-01T18:30:00,2017-01-01T18:55:00
WN,4704,SLC,SFO,2017-01-01T23:15:00,2017-01-02T01:01:00,2017-01-02T00:30:00,2017-01-02T02:46:00
AS,3263,SLC,PDX,2017-01-01T08:35:00,2017-01-01T08:34:00,2017-01-01T09:51:00,2017-01-01T09:42:00
AS,2124,PDX,SEA,2017-01-01T09:25:00,2017-01-01T09:20:00,2017-01-01T10:20:00,2017-01-01T10:23:00
UA,1083,SFO,PDX,2017-01-01T12:45:00,2017-01-01T12:40:00,2017-01-01T14:35:00,2017-01-01T14:39:00
VX,1724,LAX,SEA,2017-01-01T22:35:00,2017-01-01T22:31:00,2017-01-02T01:22:00,2017-01-02T01:23:00
UA,6089,PDX,LAX,2017-01-01T22:45:00,2017-01-01T22:39:00,2017-01-02T01:05:00,2017-01-02T01:00:00
LH,436,FRA,SFO,2017-01-01T11:40:00,2017-01-01T11:52:00,2017-01-01T14:20:00,2017-01-01T14:34:00
DY,6852,SEA,LGW,2017-01-01T14:35:00,2017-01-01T14:32:00,2017-01-02T08:05:00,2017-01-02T07:23:00
B6,320,BOS,SFO,2017-01-01T22:40:00,2017-01-01T22:36:00,2017-01-02T02:18:00,2017-01-02T02:33:00
VX,1877,SFO,LAX,2017-01-01T15:35:00,2017-01-01T15:31:00,2017-01-01T16:55:00,2017-01-01T16:56:00
VX,1728,SEA,LAX,2017-01-01T15:20:00,2017-01-01T15:14:00,2017-01-01T17:53:00,2017-01-01T17:56:00
WN,1224,SFO,LAX,2017-01-01T07:50:00,2017-01-01T07:41:00,2017-01-01T09:25:00,2017-01-01T09:10:00
WN,1428,SLC,LAX,2017-01-01T17:58:00,2017-01-01T18:28:00,2017-01-01T18:59:00,2017-01-01T19:21:00
DL,5878,LAX,SEA,2017-01-01T09:00:00,2017-01-01T08:57:00,2017-01-01T11:51:00,2017-01-01T11:41:00
AS,533,PDX,LAX,2017-01-01T22:55:00,2017-01-01T22:49:00,2017-01-02T01:19:00,2017-01-02T01:06:00
AS,3380,PDX,SEA,2017-01-01T23:15:00,2017-01-01T23:06:00,2017-01-02T00:15:00,2017-01-02T00:09:00
DY,6985,BOS,LGW,2017-01-01T22:15:00,2017-01-01T22:10:00,2017-01-02T09:35:00,2017-01-02T09:21:00
WN,2471,PDX,LAX,2017-01-01T07:00:00,2017-01-01T06:57:00,2017-01-01T09:20:00,2017-01-01T09:10:00
WN,1517,SEA,PDX,2017-01-01T10:40:00,2017-01-01T10:41:00,2017-01-01T11:46:00,2017-01-01T11:32:00
DL,5959,LAX,SFO,2017-01-01T22:30:00,2017-01-02T00:21:00,2017-01-02T00:00:00,2017-01-02T01:57:00
WN,2347,LAX,SLC,2017-01-01T08:15:00,,2017-01-01T11:16:00,2017-01-01T11:19:00
WN,1958,SFO,LAX,2017-01-01T19:45:00,2017-01-01T19:39:00,2017-01-01T21:25:00,2017-01-01T21:44:00
VX,1914,LAX,SFO,2017-01-01T12:35:00,2017-01-01T12:40:00,2017-01-01T13:53:00,2017-01-01T14:00:00
WN,2247,LAX,SLC,2017-01-01T21:18:00,2017-01-01T21:14:00,2017-01-02T00:12:00,2017-01-01T23:52:00
WN,2647,LAX,SLC,2017-01-01T11:05:00,2017-01-01T11:05:00,2017-01-01T14:00:00,2017-01-01T13:32:00
AS,363,PDX,SFO,2017-01-01T14:45:00,2017-01-01T14:32:00,2017-01-01T16:38:00,2017-01-01T16:34:00
DL,6013,LAX,PDX,2017-01-01T12:50:00,2017-01-01T12:43:00,2017-01-01T15:23:00,2017-01-01T15:14:00
AS,436,SEA,LAX,2017-01-01T22:40:00,2017-01-01T22:33:00,2017-01-02T01:24:00,2017-01-02T01:19:00
